year_month,total_gallons
2014-03-01,23450100
2013-12-01,1394200
2014-02-01,33497500
2013-06-01,6700
2013-01-01,59260300
2012-11-01,9681200
2015-11-01,773800
2015-02-01,643100
2017-06-01,6284400
2015-06-01,10904200
2013-03-01,11982800
2016-01-01,31663600
2015-01-01,1596200
2012-10-01,9122200
2013-03-01,11185700
2015-06-01,767900
2017-06-01,65804800
2016-01-01,1665300
2015-07-01,15707400
2018-04-01,49213600
2015-12-01,43454700
2012-02-01,16945000
2018-02-01,8345900
2012-12-01,61200900
2012-04-01,22972600
2016-05-01,2324400
2017-09-01,1055600
2013-05-01,48425400
2018-06-01,27445700
2013-10-01,44765400
2018-06-01,6219800
2013-03-01,70995300
2013-02-01,50131000
2016-01-01,20345000
2012-12-01,70314200
2012-02-01,26408600
2016-02-01,5965900
2014-12-01,23813900
2015-02-01,16919000
2015-09-01,12700
2016-11-01,33388700
2014-04-01,7568100
2013-09-01,5500
2013-12-01,48339000
2013-05-01,13978800
2013-03-01,11852100
2016-05-01,17410100
2015-04-01,1478900
2012-10-01,12906000
2016-04-01,1500
2016-01-01,30794600
2013-10-01,15099400
2018-02-01,12143000
2012-01-01,28371300
2012-06-01,11557800
2014-02-01,12497200
2012-03-01,19627600
2018-08-01,43500800
2013-02-01,43719800
2018-09-01,48090600
2018-08-01,17200
2015-04-01,27837900
2012-01-01,707300
2015-04-01,12477900
2012-07-01,18200
2013-11-01,49981000
2015-01-01,7700
2015-01-01,7769600
2012-05-01,28412500
2012-11-01,16900
2013-06-01,38206100
2018-01-01,49257100
2013-10-01,0
2014-05-01,24754500
2014-08-01,31841300
2012-12-01,20045700
2017-11-01,16732000
2014-11-01,16345600
2017-02-01,26919100
2012-06-01,25463800
2017-10-01,18600200
2013-11-01,13180800
2014-11-01,31929300
2012-04-01,42503200
2015-03-01,10594000
2015-08-01,17126100
2013-06-01,16378200
2014-01-01,30365400
2016-09-01,26124700
2014-02-01,897500
2014-08-01,21171500
2014-05-01,10200
2016-02-01,19601200
2016-12-01,34794700
2016-02-01,13324300
2012-10-01,58175800
2015-11-01,55749600
2018-04-01,1386500
2014-11-01,67485500
2012-08-01,18154500
2013-07-01,25521400
2012-02-01,615900
2014-05-01,14494100
2015-08-01,55363600
2013-03-01,8430400
2012-11-01,1322400
2015-02-01,40655000
2013-08-01,61006600
2018-07-01,11858100
2017-09-01,772200
2018-03-01,36747900
2015-03-01,23135300
2018-01-01,20112900
2012-06-01,9000
2017-06-01,25115500
2014-04-01,14151900
2017-03-01,39204500
2018-03-01,26224600
2017-01-01,21329300
2016-07-01,33949500
2015-12-01,45386200
2013-09-01,17007600
2012-07-01,21789700
2012-01-01,75270300
2017-11-01,1958000
2012-02-01,6300
2016-03-01,45166100
2012-10-01,27301100
2015-09-01,700
2013-09-01,2185700
2014-08-01,6500
2014-01-01,9334700
2018-07-01,44934200
2016-07-01,53351300
2013-01-01,39205700
2012-07-01,108362000
2013-06-01,26656800
2016-06-01,1900
2015-10-01,14735100
2012-06-01,13453500
2015-08-01,2416800
2016-07-01,70028000
2013-12-01,935200
2018-09-01,56312600
2014-08-01,13912700
2017-01-01,1493700
2014-03-01,7343400
2014-03-01,10982000
2014-01-01,0
2012-09-01,22260700
2012-03-01,696200
2018-03-01,32004800
2014-01-01,49735200
2012-02-01,18220900
2015-07-01,36325800
2015-07-01,42812000
2012-07-01,3040000
2014-07-01,26922500
2017-05-01,24918600
2015-06-01,52499300
2013-02-01,49386100
2014-10-01,60342300
2013-01-01,22484300
2015-05-01,8271600
2015-09-01,61587000
2016-11-01,45391200
2015-10-01,28581000
2017-03-01,45008300
2014-05-01,2598000
2012-08-01,1873300
2013-03-01,14251900
2018-05-01,24591900
2018-07-01,91282000
2012-05-01,73636200
2012-04-01,797700
2016-07-01,3467100
2012-09-01,65413000
2015-09-01,96060700
2013-05-01,8500
2015-05-01,20491000
2017-12-01,3802800
2012-01-01,2119300
2013-02-01,6900
2018-05-01,46311000
2017-12-01,37623900
2015-03-01,10000
2012-07-01,30488100
2016-08-01,42818300
2013-01-01,43503200
2012-10-01,664000
2014-10-01,13088200
2013-12-01,21327700
2014-03-01,739700
2016-02-01,45339400
2015-07-01,4900
2013-11-01,1075300
2015-02-01,11646200
2013-04-01,1256800
2016-04-01,52557200
2015-03-01,47116000
2012-01-01,8330700
2012-07-01,8300
2014-10-01,23317300
2015-10-01,1377100
2012-03-01,14854000
2014-10-01,39720200
2013-03-01,59558400
2012-10-01,49172100
2015-04-01,11352400
2014-11-01,33716600
2017-06-01,24700200
2013-07-01,3239200
2015-11-01,23619300
2012-01-01,44194700
2015-09-01,23004600
2014-03-01,603600
2014-05-01,48867200
2012-05-01,56080500
2018-02-01,8115000
2014-07-01,47427000
2017-07-01,1709400
2015-05-01,13701000
2015-12-01,5600
2014-01-01,15581700
2016-04-01,42132500
2012-07-01,42311200
2014-06-01,75703100
2013-09-01,0
2012-10-01,19400600
2013-04-01,32248200
2016-04-01,886000
2018-06-01,1269000
2014-06-01,49359800
2012-03-01,58700000
2015-03-01,18237900
2017-10-01,18741500
2015-08-01,2030200
2013-09-01,12100
2016-01-01,22900
2014-01-01,19879200
2017-10-01,20801900
2016-12-01,5569100
2014-08-01,30271100
2018-01-01,40227000
2017-08-01,63065600
2016-08-01,3287400
2012-11-01,66608200
2018-04-01,66111400
2016-11-01,13111400
2018-07-01,8487800
2017-09-01,54234900
2014-05-01,70999400
2018-04-01,37048000
2018-09-01,6815700
2014-01-01,12559700
2017-04-01,800
2012-07-01,119191700
2018-04-01,13217100
2012-11-01,7947100
2017-11-01,43885300
2015-09-01,1481100
2012-04-01,13004000
2012-05-01,48233900
2014-09-01,1332900
2015-10-01,18798200
2017-02-01,7629400
2014-11-01,38932700
2018-08-01,13645100
2013-08-01,19573000
2012-03-01,19474300
2012-01-01,4100
2015-04-01,44614400
2018-09-01,1095800
2012-04-01,1038400
2013-10-01,7100
2016-07-01,14585800
2015-08-01,30185900
2017-05-01,18960500
2015-01-01,20892200
2013-04-01,13621200
2018-08-01,9966100
2014-12-01,13042800
2012-04-01,37056200
2018-08-01,33896100
2013-03-01,15554800
2017-07-01,10766300
2018-05-01,42987600
2012-04-01,10679900
2018-05-01,28420800
2016-05-01,30112700
2014-01-01,49932700
2012-06-01,1863600
2014-07-01,9957000
2013-03-01,4700
2014-03-01,8599000
2018-09-01,76631700
2018-02-01,18785600
2014-12-01,5400
2013-09-01,27185900
2018-09-01,68708300
2015-06-01,38232300
2017-01-01,28278000
2015-03-01,11090900
2012-12-01,27969600
2015-05-01,12371900
2016-11-01,45490900
2014-11-01,1555100
2015-04-01,15634100
2014-10-01,57769800
2015-06-01,27730400
2016-05-01,43578300
2012-05-01,8740500
2015-05-01,1112300
2017-12-01,24676400
2015-03-01,21198000
2017-01-01,20385400
2013-12-01,9100
2018-08-01,24047500
2013-07-01,18779100
2014-09-01,15073000
2016-12-01,1518300
2014-02-01,45735000
2018-06-01,1708900
2015-04-01,17817100
2018-02-01,27829900
2016-05-01,40068400
2016-02-01,3700
2012-05-01,908900
2018-01-01,59189400
2012-08-01,1799800
2015-09-01,81817800
2014-09-01,3315100
2012-05-01,43627000
2012-01-01,20608700
2016-09-01,12898400
2018-07-01,80737900
2017-03-01,5387400
2014-04-01,1474800
2017-11-01,61408300
2014-08-01,44714400
2013-05-01,15194600
2016-08-01,34529300
2014-03-01,5319200
2013-01-01,9971300
2014-04-01,661300
2014-07-01,23348500
2012-02-01,55520900
2012-09-01,946300
2016-03-01,2636500
2015-02-01,31549300
2015-11-01,19755400
2017-05-01,38454600
2012-02-01,63890200
2017-05-01,8726000
2012-09-01,2883900
2013-07-01,53166300
2015-03-01,1286600
2013-12-01,780100
2016-02-01,7004100
2016-07-01,1233800
2016-03-01,51385700
2015-09-01,904100
2014-09-01,48429500
2013-08-01,107685000
2017-10-01,59436000
2016-11-01,44705000
2014-07-01,781000
2015-06-01,5700
2015-10-01,2251500
2017-12-01,48652800
2013-02-01,908500
2014-02-01,44718600
2013-06-01,715100
2018-09-01,29230500
2013-01-01,1620700
2018-04-01,9680100
2013-10-01,13272100
2015-03-01,2365900
2015-11-01,11669000
2013-06-01,74100900
2014-08-01,16341400
2017-04-01,34230700
2015-10-01,0
2012-11-01,53535500
2018-02-01,11877800
2015-05-01,17902500
2018-03-01,1192400
2014-06-01,36451700
2016-04-01,17818900
2012-09-01,17202700
2015-08-01,17066900
2017-11-01,12558600
2012-01-01,43184900
2017-12-01,47011600
2018-05-01,12757800
2018-03-01,2741100
2014-03-01,11630000
2016-12-01,25766800
2012-01-01,19552400
2018-09-01,48802800
2018-07-01,19875900
2012-12-01,78441600
2013-08-01,986600
2015-07-01,11000
2013-04-01,15010600
2017-03-01,613500
2012-02-01,11338400
2013-05-01,18211500
2012-11-01,754600
2012-04-01,63156000
2013-12-01,59471600
2014-11-01,39565600
2018-03-01,11485700
2015-12-01,676800
2013-01-01,16151700
2013-04-01,23626700
2017-11-01,10788500
2016-09-01,10943700
2015-03-01,19011400
2014-09-01,105014100
2018-06-01,19294000
2013-07-01,21473500
2014-07-01,16967500
2015-11-01,25808700
2018-03-01,19187400
2018-02-01,8700
2013-04-01,38979000
2014-10-01,38746000
2015-05-01,2234600
2015-08-01,102472700
2013-10-01,24950400
2012-10-01,6900
2016-02-01,17111000
2017-01-01,38717100
2013-06-01,8200
2016-05-01,636000
2016-03-01,14053200
2016-08-01,1932500
2017-07-01,3827600
2012-07-01,14872700
2012-03-01,4704600
2012-10-01,83974300
2013-08-01,31289500
2015-12-01,1229700
2015-09-01,61114300
2015-04-01,23964500
2012-04-01,7400
2012-12-01,17594800
2016-07-01,23482900
2014-03-01,29133100
2016-03-01,1036400
2016-11-01,8055700
2012-11-01,14954200
2012-08-01,8300
2012-02-01,36101000
2012-02-01,15660700
2014-11-01,765600
2017-05-01,27287800
2014-02-01,19582300
2012-07-01,2355500
2016-06-01,46786800
2013-07-01,70366200
2013-11-01,20314000
2014-04-01,12301500
2012-11-01,5400
2014-10-01,22071900
2016-08-01,3950300
2017-06-01,13799200
2015-09-01,53580700
2014-12-01,769700
2016-04-01,7200400
2014-06-01,0
2016-08-01,48567700
2012-09-01,16497600
2013-12-01,1896400
2017-03-01,7018200
2016-01-01,20372000
2018-07-01,12056800
2015-03-01,61140900
2018-02-01,27937400
2012-09-01,61360300
2015-07-01,1620100
2014-03-01,9585300
2013-01-01,9300
2013-09-01,28782400
2012-09-01,1687900
2014-06-01,54755100
2016-03-01,18891300
2015-09-01,18432700
2012-12-01,19576600
2017-05-01,19193400
2015-08-01,104972800
2012-02-01,19562600
2018-01-01,733200
2014-09-01,34971100
2014-09-01,85164300
2016-02-01,26253500
2015-04-01,13826000
2018-05-01,59737000
2014-03-01,17384900
2013-09-01,13845900
2013-08-01,1482200
2016-08-01,74736100
2015-08-01,1715300
2013-09-01,94323300
2013-02-01,21551600
2013-10-01,34246000
2017-03-01,100
2016-11-01,11790100
2017-12-01,29441500
2017-08-01,1978000
2015-04-01,605800
2013-03-01,2173200
2017-11-01,1860900
2018-08-01,110327400
2013-01-01,43347700
2014-06-01,2546200
2014-02-01,37470600
2013-05-01,0
2017-03-01,28369800
2015-12-01,56988400
2013-05-01,811900
2016-05-01,34940100
2014-01-01,42766100
2014-04-01,20406500
2017-02-01,16660400
2018-02-01,44331700
2012-03-01,17657900
2013-09-01,80888900
2017-06-01,26075800
2012-04-01,62707700
2016-09-01,50921100
2015-05-01,18088000
2013-05-01,742700
2017-06-01,14040100
2012-10-01,2355200
2016-04-01,35729100
2015-11-01,10811300
2016-02-01,40663200
2014-07-01,83552000
2017-09-01,20889200
2018-06-01,22260300
2014-11-01,55842300
2018-09-01,112000
2015-03-01,889300
2015-05-01,13741700
2015-01-01,5492800
2016-09-01,73603400
2014-10-01,39461700
2015-05-01,11355600
2014-04-01,681500
2017-05-01,2956100
2017-02-01,1444100
2013-03-01,11454000
2014-02-01,612200
2015-07-01,2989400
2015-10-01,3180000
2017-03-01,55930000
2014-01-01,15903600
2014-10-01,38036100
2015-05-01,804200
2012-12-01,20249000
2015-06-01,36973600
2013-03-01,44101100
2012-05-01,55223600
2014-03-01,17562100
2012-04-01,19135800
2014-03-01,22495000
2014-01-01,9809600
2015-04-01,36195200
2016-01-01,36921000
2012-01-01,41373500
2015-07-01,71653400
2013-12-01,12381700
2018-05-01,39979300
2016-06-01,21064900
2014-12-01,48452600
2012-02-01,41953600
2012-04-01,15044600
2013-11-01,24053100
2012-01-01,52193900
2013-01-01,11917400
2015-07-01,43576100
2017-05-01,37912800
2015-02-01,1253000
2017-12-01,9116400
2014-11-01,6700
2012-06-01,104231100
2014-02-01,17499300
2012-02-01,7240400
2016-05-01,60433400
2016-11-01,3104100
2012-03-01,40437200
2013-12-01,18769000
2015-08-01,15921400
2014-08-01,90489700
2016-02-01,2511600
2017-11-01,30244100
2015-11-01,33468600
2015-02-01,784400
2013-06-01,1186300
2015-08-01,59922200
2017-06-01,3009400
2012-09-01,60108100
2014-02-01,39370000
2014-07-01,0
2014-04-01,23145300
2017-02-01,37820200
2016-04-01,14594400
2018-03-01,12839700
2018-05-01,964800
2018-06-01,13489200
2018-06-01,34999100
2014-12-01,14931000
2012-04-01,33679100
2014-04-01,39947600
2014-05-01,17074400
2018-05-01,43363200
2013-05-01,1554500
2012-01-01,15838100
2013-10-01,73730600
2016-04-01,60696600
2015-03-01,12498400
2018-03-01,16967000
2013-01-01,15900
2018-02-01,35970200
2014-10-01,47347400
2012-02-01,35202100
2014-11-01,13543500
2015-02-01,10282800
2013-06-01,1713600
2012-08-01,21525600
2014-03-01,46225100
2013-10-01,23561100
2014-07-01,25583000
2015-11-01,2466500
2013-02-01,19134400
2013-08-01,22516200
2012-11-01,1542700
2016-07-01,53345800
2014-05-01,38973400
2013-06-01,21339900
2015-01-01,784400
2016-07-01,72679100
2016-10-01,1025400
2013-12-01,65581900
2012-11-01,692400
2017-11-01,6956000
2015-07-01,26426700
2013-07-01,29957800
2015-10-01,86571300
2012-07-01,39158000
2015-10-01,1965800
2013-07-01,22065200
2015-08-01,24642900
2014-08-01,17655900
2013-02-01,31995300
2015-11-01,32729600
2014-04-01,2417200
2014-04-01,57718700
2012-04-01,20768500
2012-12-01,25749400
2013-01-01,26958300
2013-03-01,21152000
2018-06-01,56175700
2013-11-01,6500
2012-06-01,30346800
2016-06-01,6106800
2012-02-01,36842300
2012-08-01,977800
2012-02-01,17427100
2013-04-01,5200
2015-12-01,1606800
2014-08-01,27462700
2018-08-01,96925300
2016-12-01,39700900
2018-06-01,72900
2016-03-01,755800
2013-03-01,46449000
2012-10-01,44293600
2017-04-01,2722300
2017-05-01,11182700
2016-10-01,25661500
2012-07-01,1766700
2018-02-01,43600
2015-10-01,52511100
2013-10-01,9408600
2012-09-01,52665300
2015-01-01,14777900
2012-09-01,15629600
2012-06-01,64634700
2015-01-01,13698500
2015-06-01,38373800
2016-07-01,49394600
2012-12-01,2182600
2012-03-01,1014400
2013-06-01,27465900
2012-12-01,1079900
2013-05-01,8085600
2012-08-01,102742500
2012-03-01,4600
2016-02-01,1430600
2016-09-01,53289600
2018-02-01,36324500
2013-02-01,1996000
2015-01-01,30794500
2014-01-01,51944900
2018-07-01,6170500
2013-10-01,17218700
2012-02-01,17513400
2015-03-01,7791500
2013-10-01,1329600
2017-10-01,14236100
2018-02-01,2946500
2012-06-01,63621100
2012-01-01,50791200
2013-07-01,16471500
2013-07-01,27192500
2017-07-01,14148900
2012-12-01,75941900
2016-06-01,42430500
2017-10-01,65294500
2017-10-01,36285100
2014-11-01,51744100
2016-10-01,77988700
2014-02-01,4800
2013-04-01,22874100
2014-08-01,12700
2014-07-01,8200
2014-01-01,895300
2018-04-01,25198700
2014-10-01,2350000
2018-09-01,83621900
2018-01-01,20474000
2016-05-01,798700
2016-09-01,70621900
2013-01-01,47190600
2014-05-01,8412600
2013-07-01,937700
2014-12-01,57395000
2015-02-01,2341100
2018-06-01,7797700
2013-02-01,66870900
2015-01-01,2580000
2015-08-01,52374400
2014-07-01,29140300
2014-05-01,43346000
2012-05-01,2378900
2017-03-01,4976100
2016-05-01,1646600
2014-10-01,12171400
2016-11-01,37897600
2018-04-01,5100
2015-01-01,8250200
2018-02-01,7018400
2018-02-01,15659200
2013-08-01,34236900
2012-08-01,17900
2013-11-01,1504800
2014-02-01,18122500
2018-09-01,55300
2015-07-01,1006300
2013-02-01,19766400
2018-02-01,11223900
2013-09-01,52052500
2012-05-01,1404000
2014-03-01,6600
2016-07-01,63232600
2013-10-01,2107100
2013-03-01,6897800
2013-01-01,13538000
2013-10-01,26504200
2017-05-01,62071000
2014-12-01,23275500
2012-11-01,17811800
2017-11-01,9678900
2017-01-01,46335500
2013-05-01,27685700
2016-11-01,53508900
2013-08-01,2602500
2016-08-01,1258500
2012-04-01,18448500
2013-04-01,7700
2017-04-01,18291800
2012-08-01,3490000
2017-10-01,36668300
2014-08-01,1477700
2017-06-01,1627400
2012-06-01,9000
2012-04-01,9420300
2016-04-01,1118100
2014-03-01,55548900
2016-01-01,37582000
2014-06-01,12400
2017-06-01,21412900
2017-07-01,50559900
2014-01-01,7877500
2012-10-01,16092400
2012-08-01,71085800
2016-10-01,25405300
2012-05-01,14669300
2014-07-01,16966600
2017-12-01,18070000
2015-02-01,7955000
2012-11-01,16470000
2015-07-01,15603000
2015-03-01,25447100
2014-07-01,1677600
2013-07-01,103996500
2013-08-01,13270700
2014-07-01,53649800
2013-07-01,1984000
2012-10-01,20426900
2012-05-01,14374600
2012-06-01,11904000
2012-05-01,0
2012-11-01,2196700
2014-10-01,21499600
2015-10-01,32342500
2012-03-01,24170500
2014-03-01,8491700
2014-10-01,15339800
2016-11-01,34021600
2018-07-01,33215700
2014-07-01,1108500
2018-03-01,12735900
2012-06-01,15281100
2014-05-01,1614300
2017-10-01,24524600
2016-06-01,24964300
2018-01-01,65365200
2018-09-01,2972400
2016-12-01,10947900
2017-02-01,11247500
2015-01-01,43587800
2018-03-01,38587800
2016-12-01,31095800
2012-03-01,8721800
2018-07-01,13900
2016-06-01,64134300
2015-08-01,11800
2012-07-01,1034400
2012-10-01,39045900
2012-08-01,97991800
2013-03-01,20173400
2017-09-01,80189300
2016-07-01,37822400
2017-01-01,66964400
2013-06-01,59923800
2015-03-01,54016800
2012-02-01,11476100
2012-12-01,49236300
2012-12-01,10957800
2017-06-01,43269800
2015-02-01,5500
2016-11-01,10120500
2012-12-01,20100
2016-02-01,635600
2016-05-01,13346500
2014-08-01,52062600
2013-11-01,33537200
2014-05-01,48691300
2014-01-01,42567200
2015-05-01,45234300
2012-07-01,52836100
2014-12-01,765600
2015-11-01,1734900
2016-12-01,23508800
2016-01-01,12875700
2017-06-01,35260400
2013-03-01,27223200
2013-04-01,710700
2018-06-01,83442100
2018-08-01,22406700
2013-05-01,1219600
2014-05-01,1124900
2015-12-01,2441600
2012-10-01,39798200
2012-06-01,35317700
2017-09-01,45380500
2016-05-01,2021900
2018-06-01,84344000
2013-06-01,10163500
2014-04-01,59138100
2013-08-01,51865800
2015-07-01,62263900
2017-09-01,80253400
2017-01-01,7994600
2014-10-01,64268100
2012-03-01,1988100
2016-12-01,14474600
2017-01-01,36821000
2012-10-01,1151700
2014-05-01,15039200
2017-02-01,33592800
2017-08-01,1349200
2012-09-01,105655500
2015-06-01,45445700
2013-04-01,26657200
2016-02-01,26081400
2012-04-01,16906400
2012-05-01,16297400
2016-06-01,65838200
2015-08-01,77289500
2012-07-01,68150600
2014-06-01,704400
2012-07-01,1079700
2014-04-01,11979700
2014-09-01,63946700
2017-06-01,29378400
2016-09-01,2777100
2014-10-01,11083000
2015-08-01,64678300
2018-05-01,10914500
2016-02-01,18343500
2018-08-01,103374800
2016-04-01,1379900
2017-12-01,20010300
2012-02-01,8174600
2013-12-01,8818600
2017-11-01,20848800
2013-08-01,2082400
2013-07-01,7400
2014-09-01,18065900
2018-06-01,9695300
2014-12-01,43999900
2013-07-01,15491200
2012-02-01,1562400
2013-07-01,39022600
2018-02-01,23558800
2013-10-01,70572700
2018-08-01,84292800
2013-01-01,63320700
2015-06-01,16479600
2014-01-01,742600
2017-05-01,8927900
2016-05-01,1600
2016-06-01,34283800
2014-12-01,9565100
2012-09-01,0
2016-07-01,89851400
2018-08-01,68503000
2016-03-01,2135400
2013-03-01,39664500
2015-04-01,45524100
2012-02-01,13096000
2018-04-01,47282100
2017-02-01,26669200
2018-05-01,7752400
2016-03-01,7721100
2013-04-01,19683900
2018-05-01,37513900
2014-08-01,10176800
2017-05-01,16546200
2013-09-01,22297600
2018-07-01,57311500
2018-01-01,7750100
2016-08-01,14283400
2015-09-01,91444700
2016-04-01,18476500
2013-01-01,21820800
2013-08-01,57822600
2013-11-01,11954800
2012-01-01,19736700
2018-07-01,834600
2017-12-01,1748900
2017-10-01,695900
2013-01-01,1675000
2016-06-01,1868700
2012-04-01,12246600
2014-07-01,15388800
2016-05-01,17673800
2018-08-01,19075900
2012-11-01,51099000
2016-11-01,1432000
2014-05-01,74809000
2016-04-01,65080300
2018-01-01,30510300
2014-06-01,24313900
2018-04-01,57703700
2017-09-01,62720000
2014-03-01,923400
2016-12-01,48399400
2012-10-01,45862600
2014-10-01,43757100
2018-08-01,96802700
2013-08-01,16182700
2012-08-01,22642100
2017-10-01,57962300
2012-03-01,39221900
2016-11-01,18947500
2014-02-01,2007300
2012-03-01,8200
2016-08-01,14649700
2015-12-01,1083000
2015-09-01,28546600
2016-09-01,23197400
2013-12-01,14891600
2012-12-01,50805400
2012-11-01,15386300
2017-10-01,25532800
2018-01-01,39573600
2018-03-01,21707700
2013-10-01,20937200
2013-06-01,841200
2013-03-01,1422400
2016-11-01,500
2014-06-01,25285100
2012-06-01,32418900
2014-03-01,3600
2014-03-01,38251000
2017-01-01,24455600
2014-08-01,3061300
2017-01-01,2382400
2013-08-01,53990600
2013-11-01,5267600
2013-01-01,719000
2017-04-01,10684200
2014-01-01,4800
2012-11-01,45336500
2014-09-01,2235400
2013-11-01,18348200
2016-06-01,855600
2015-09-01,11060200
2013-09-01,12489800
2012-12-01,13253800
2014-03-01,34490700
2014-07-01,14067500
2015-05-01,9227300
2016-10-01,34766200
2017-09-01,10528000
2015-11-01,6483200
2012-11-01,25949400
2017-10-01,47493700
2012-03-01,33127300
2017-08-01,46698000
2012-05-01,26322300
2017-06-01,50260700
2017-03-01,16215300
2015-07-01,20060900
2012-04-01,65450200
2012-12-01,1647100
2016-06-01,22279100
2017-08-01,14922400
2014-01-01,8500
2013-02-01,8903100
2014-04-01,11167900
2014-12-01,19066700
2015-02-01,16835400
2015-06-01,2513400
2012-12-01,26547900
2014-12-01,16759500
2013-11-01,29140600
2012-09-01,117288300
2018-09-01,10996800
2013-08-01,6200
2017-10-01,63180700
2015-08-01,38765400
2016-01-01,2576200
2015-04-01,1268000
2012-07-01,32443000
2017-01-01,26552100
2014-01-01,25548000
2018-05-01,697000
2016-06-01,2850200
2016-02-01,10349300
2017-01-01,39507200
2014-03-01,1935600
2012-08-01,33570700
2016-05-01,44879100
2018-06-01,56000
2016-10-01,6800
2012-04-01,47139500
2015-12-01,8338000
2012-06-01,57444700
2012-11-01,21218100
2015-10-01,27092000
2018-02-01,4789500
2012-05-01,9700
2014-05-01,76639300
2016-10-01,1407200
2014-03-01,1360800
2017-07-01,2618600
2013-06-01,21800900
2017-07-01,20758500
2017-11-01,988500
2015-03-01,42151600
2012-01-01,12424900
2012-09-01,2354500
2018-09-01,40332300
2014-09-01,20500
2016-06-01,2203200
2016-07-01,24958200
2018-07-01,20416500
2015-05-01,16100
2012-02-01,45532700
2014-07-01,16760700
2012-01-01,41257700
2015-04-01,2337700
2013-04-01,42024600
2014-06-01,70952500
2013-10-01,12400
2017-05-01,20051300
2015-01-01,22695300
2013-09-01,30264700
2014-03-01,0
2017-11-01,2600
2014-05-01,12758600
2016-02-01,6400
2012-10-01,18867600
2012-02-01,585400
2017-11-01,60964400
2012-08-01,13023300
2013-05-01,74094900
2012-09-01,51650400
2014-07-01,14800
2012-01-01,1180900
2012-06-01,60736700
2015-07-01,25777300
2013-09-01,1673600
2016-02-01,1721700
2012-03-01,1448200
2017-06-01,43077100
2016-07-01,1737000
2014-10-01,32412200
2013-04-01,1535400
2017-09-01,36054600
2014-04-01,19439100
2015-07-01,27696300
2012-05-01,12343300
2017-05-01,617900
2013-09-01,36814300
2015-11-01,25712000
2015-05-01,36165900
2015-11-01,17288100
2012-06-01,1620700
2014-05-01,25639700
2014-07-01,46545800
2015-01-01,986700
2014-05-01,728100
2012-02-01,7400
2017-07-01,90270400
2016-12-01,10369200
2012-01-01,632300
2016-10-01,22980200
2014-07-01,24637400
2016-03-01,691600
2018-06-01,29949700
2016-07-01,92832000
2014-09-01,23792700
2013-12-01,36176700
2018-06-01,37967800
2016-04-01,23793500
2017-04-01,9753100
2012-11-01,8983500
2013-07-01,8100
2013-09-01,21815000
2018-02-01,55662200
2013-06-01,0
2015-12-01,14026700
2013-05-01,70051100
2013-09-01,19383400
2016-01-01,27654900
2012-10-01,1364000
2014-12-01,1444100
2014-03-01,12849500
2015-09-01,0
2018-03-01,28295700
2018-05-01,9410900
2018-05-01,7160000
2014-08-01,0
2015-09-01,14915000
2016-08-01,87474600
2013-12-01,4200
2017-06-01,20514300
2013-06-01,80377300
2015-12-01,26767300
2015-11-01,66471100
2015-03-01,672100
2014-06-01,23518400
2013-01-01,756200
2012-04-01,2099200
2018-04-01,36857700
2016-12-01,41195400
2012-06-01,2790700
2017-10-01,55166700
2014-09-01,12102000
2013-06-01,55185600
2017-04-01,19229000
2017-07-01,15315700
2012-08-01,20275300
2016-01-01,5279500
2013-03-01,1217500
2012-05-01,17424500
2013-12-01,654200
2012-12-01,678600
2014-12-01,27642800
2012-04-01,21344900
2015-12-01,29413000
2016-04-01,19290900
2016-03-01,7400
2014-09-01,48866000
2012-08-01,33044100
2016-08-01,55497400
2016-03-01,12300
2014-01-01,7924500
2013-10-01,725000
2017-05-01,66548400
2012-08-01,59570000
2012-10-01,65941100
2015-07-01,24419800
2013-01-01,2307900
2015-09-01,2293300
2014-11-01,8439700
2015-10-01,1479700
2014-04-01,20734200
2014-02-01,8209000
2017-02-01,55621400
2017-08-01,29178800
2018-06-01,50096500
2017-05-01,9909100
2014-01-01,52672300
2016-07-01,22409600
2014-04-01,6600
2012-05-01,60148100
2012-11-01,78344300
2016-05-01,17983400
2012-03-01,0
2016-12-01,14332900
2014-05-01,73890000
2016-11-01,29015400
2014-12-01,27550000
2017-03-01,9763800
2013-03-01,642500
2012-12-01,14109600
2016-02-01,862300
2014-09-01,7100
2013-02-01,1013900
2016-03-01,50218600
2014-08-01,1842100
2014-12-01,30060500
2016-11-01,947100
2017-10-01,47565700
2015-01-01,9459100
2018-09-01,15100
2015-01-01,649800
2014-08-01,768500
2015-11-01,53596200
2013-07-01,965500
2015-05-01,1381900
2017-06-01,71552000
2014-02-01,1504800
2015-12-01,20386600
2015-01-01,14454400
2018-07-01,37796400
2014-11-01,2564300
2017-01-01,7741900
2017-02-01,20784500
2015-12-01,794600
2015-04-01,13548600
2014-09-01,94944200
2017-12-01,14733600
2013-08-01,15820100
2015-12-01,62932500
2013-07-01,32280900
2015-03-01,28416800
2012-06-01,31844800
2016-12-01,18268400
2014-10-01,718400
2013-06-01,8410000
2014-01-01,2254100
2017-08-01,106047100
2015-08-01,33993000
2018-03-01,36914500
2012-07-01,59593200
2012-09-01,40011100
2015-09-01,2088200
2013-05-01,2340200
2012-09-01,16800
2015-10-01,29903400
2013-03-01,26392200
2016-04-01,52006400
2012-11-01,39108900
2016-09-01,41290500
2015-04-01,44772400
2016-01-01,15556100
2012-02-01,819600
2015-11-01,11300
2014-09-01,110192200
2015-11-01,47637600
2013-02-01,12997600
2015-06-01,11400
2013-04-01,35603000
2017-02-01,16101000
2013-04-01,2391200
2018-03-01,6441900
2014-01-01,1613200
2016-11-01,2705200
2016-03-01,17994200
2018-02-01,9022300
2015-01-01,25159700
2014-04-01,6500
2017-03-01,14454000
2016-07-01,20592800
2012-03-01,39472900
2017-07-01,94725500
2017-06-01,2103400
2013-05-01,17271700
2017-09-01,45260600
2013-08-01,105383500
2017-08-01,22419900
2015-10-01,48646700
2014-12-01,2245200
2016-01-01,20285400
2016-12-01,23874700
2017-08-01,99497600
2018-04-01,24585600
2017-08-01,50393900
2012-03-01,26549200
2018-04-01,23546900
2012-04-01,48449400
2014-11-01,69258600
2015-06-01,1383300
2016-05-01,1210600
2014-04-01,20035900
2018-05-01,4100
2015-10-01,27409000
2017-11-01,59350500
2015-04-01,2700
2013-04-01,55601300
2013-11-01,1832700
2017-09-01,1929700
2016-04-01,2620000
2016-10-01,23918400
2012-02-01,1816000
2013-11-01,16612200
2012-07-01,32850100
2013-12-01,11327700
2015-12-01,19983000
2016-12-01,653700
2016-01-01,1401200
2016-11-01,21160600
2012-08-01,59757300
2016-06-01,43320700
2013-10-01,1447700
2015-10-01,21494100
2012-09-01,40593800
2017-04-01,31196800
2018-08-01,16205500
2018-04-01,20573400
2017-08-01,90042600
2015-12-01,36746300
2018-06-01,86590200
2015-03-01,26042400
2018-08-01,7506000
2015-01-01,29912600
2014-04-01,7048200
2013-08-01,940000
2016-11-01,18161900
2013-09-01,22094300
2012-05-01,90821400
2016-02-01,9178500
2018-08-01,1793100
2016-05-01,8039500
2015-08-01,59769900
2018-04-01,32374900
2015-07-01,47686900
2018-08-01,15236100
2017-07-01,30941000
2013-05-01,24439700
2017-09-01,5200100
2016-02-01,1065000
2013-09-01,841900
2018-08-01,48845100
2012-01-01,1631000
2012-07-01,24885700
2014-10-01,11908400
2016-08-01,22519400
2013-02-01,8028300
2016-06-01,31612500
2017-11-01,74300
2017-04-01,17664000
2014-02-01,7600
2014-05-01,7800
2014-06-01,9986000
2017-11-01,6100
2013-12-01,13275100
2013-12-01,9534000
2017-08-01,85120200
2015-03-01,778800
2012-09-01,29184400
2012-02-01,4348500
2015-01-01,19460800
2012-12-01,43678300
2018-03-01,17475700
2016-06-01,58421000
2018-03-01,8577300
2018-08-01,60475000
2018-06-01,12845000
2013-01-01,34243800
2013-12-01,24646600
2017-08-01,5410900
2018-05-01,59300
2017-07-01,90358100
2014-06-01,1719200
2017-11-01,44060200
2018-09-01,39320300
2013-12-01,0
2016-07-01,55437400
2012-03-01,18607800
2012-08-01,64234000
2013-01-01,50908600
2013-06-01,39750500
2014-04-01,58803200
2018-01-01,3176600
2016-09-01,63092200
2014-05-01,16189100
2018-08-01,70493500
2014-09-01,103020400
2017-06-01,27228900
2014-06-01,12607300
2018-09-01,52702600
2015-12-01,10512100
2012-10-01,8100
2017-03-01,34993900
2012-12-01,13680300
2012-08-01,1763700
2012-04-01,43624800
2016-01-01,711700
2013-02-01,4300
2013-02-01,1440900
2012-08-01,65145700
2016-10-01,48824700
2015-04-01,58608600
2014-04-01,35833800
2018-05-01,34406800
2013-11-01,10156600
2012-05-01,20987400
2014-10-01,9779500
2013-06-01,16297500
2014-06-01,14964000
2012-06-01,35020700
2016-06-01,7608000
2015-02-01,32285400
2018-02-01,17128600
2017-02-01,200
2014-09-01,897800
2012-01-01,24385200
2012-10-01,24436300
2015-04-01,39082500
2016-08-01,69945300
2017-07-01,4945600
2014-04-01,31058500
2012-04-01,1116900
2015-02-01,24281300
2013-09-01,57052900
2013-05-01,45159000
2017-04-01,23099100
2012-11-01,75495800
2016-11-01,65781900
2016-04-01,14246400
2015-01-01,69124500
2014-01-01,15894300
2012-05-01,65726400
2013-05-01,57541100
2012-05-01,1830400
2013-05-01,39395900
2015-08-01,25525500
2015-02-01,26717200
2013-12-01,39865500
2018-01-01,14262700
2013-11-01,679100
2017-03-01,2610700
2014-01-01,40974300
2014-07-01,79087300
2016-08-01,100
2012-08-01,0
2018-07-01,17317200
2017-09-01,85334000
2014-09-01,105436400
2016-04-01,29570100
2015-06-01,7461100
2017-06-01,10799300
2015-02-01,12431300
2013-07-01,1469300
2015-09-01,15593200
2014-11-01,954100
2018-04-01,936100
2013-06-01,2534500
2013-11-01,3800
2017-07-01,23329000
2013-02-01,51344000
2016-10-01,74054300
2015-06-01,1221500
2015-12-01,14610700
2012-04-01,37688900
2015-06-01,20712000
2017-10-01,9500
2012-01-01,7500
2016-09-01,100
2018-02-01,3900
2016-11-01,63858300
2015-11-01,1651000
2016-09-01,1133200
2014-08-01,52765700
2014-12-01,589900
2015-04-01,805500
2012-12-01,6500
2013-02-01,8912900
2013-10-01,40858200
2013-02-01,16103300
2016-09-01,3300300
2016-01-01,13752100
2012-11-01,25927200
2017-09-01,40467500
2014-03-01,34825600
2012-09-01,8700
2016-10-01,14312400
2017-08-01,7689100
2017-07-01,29601800
2017-03-01,18647800
2018-09-01,12763600
2013-07-01,1567800
2015-08-01,3716900
2015-09-01,3300200
2015-12-01,9448700
2017-07-01,46689400
2018-03-01,16339800
2016-01-01,1078600
2015-12-01,29324200
2016-08-01,40648800
2017-11-01,19899100
2014-10-01,45825800
2018-01-01,11334800
2013-10-01,79211200
2015-10-01,11300
2014-06-01,36234200
2012-01-01,56319200
2014-09-01,25743100
2016-02-01,24853000
2015-09-01,13151700
2016-01-01,46871300
2012-03-01,913600
2012-05-01,6000
2018-07-01,288700
2012-04-01,1472900
2016-03-01,1444600
2015-05-01,9938900
2017-01-01,0
2018-05-01,4434700
2016-10-01,16666200
2016-09-01,1592400
2015-11-01,4800
2013-06-01,47984300
2013-08-01,17323100
2013-03-01,8000
2014-12-01,19082200
2013-06-01,15871700
2013-12-01,675000
2018-08-01,35402500
2015-04-01,39982800
2018-05-01,48500
2018-04-01,19980400
2014-11-01,54790400
2014-06-01,6800
2017-10-01,10282000
2013-07-01,110119400
2016-01-01,13843500
2017-12-01,33928000
2012-08-01,106259100
2018-04-01,9065200
2015-03-01,16561400
2018-01-01,0
2013-10-01,18755700
2012-04-01,657700
2014-06-01,16486400
2013-05-01,38579600
2015-05-01,26218100
2016-10-01,2948300
2018-08-01,30947500
2013-02-01,623900
2016-01-01,8050100
2017-08-01,77518700
2014-06-01,1016300
2015-06-01,13515900
2014-09-01,30770300
2018-04-01,21848000
2018-02-01,1451900
2015-02-01,16921300
2015-07-01,1594100
2017-12-01,61917900
2013-01-01,21515800
2014-04-01,1081100
2018-09-01,46027500
2016-05-01,45859900
2012-11-01,22349200
2015-01-01,21214800
2016-06-01,22207200
2015-07-01,21490400
2014-06-01,11946100
2016-09-01,64126500
2012-05-01,1282000
2013-09-01,2620300
2013-12-01,7113900
2016-02-01,8295300
2013-11-01,37458000
2013-04-01,13564100
2014-10-01,70151700
2014-02-01,23542500
2014-07-01,3014400
2012-05-01,29305900
2018-04-01,56418800
2018-05-01,13063300
2016-07-01,29800
2013-01-01,28383900
2014-08-01,29086100
2013-04-01,23160400
2015-01-01,905600
2013-02-01,39592600
2015-06-01,30173700
2017-10-01,23311200
2014-10-01,1492600
2013-01-01,39404300
2017-02-01,14017200
2016-02-01,22994600
2012-10-01,1598200
2014-10-01,8000
2018-06-01,26080200
2014-10-01,1040100
2016-01-01,9697300
2016-04-01,2347500
2014-09-01,1331500
2012-12-01,17553300
2016-12-01,700
2014-08-01,1270100
2013-05-01,6400
2015-12-01,7662200
2013-11-01,10065000
2012-06-01,906500
2018-05-01,15689900
2013-06-01,80624300
2017-12-01,20125300
2012-07-01,13623300
2017-08-01,19373500
2012-12-01,774000
2016-10-01,3572400
2012-02-01,9648200
2015-11-01,12036800
2014-11-01,26433600
2016-07-01,2948500
2013-03-01,610400
2012-09-01,33859500
2012-04-01,4400
2012-07-01,18381500
2017-10-01,7738300
2012-06-01,18978600
2016-03-01,31885000
2016-07-01,48545600
2016-02-01,37122900
2013-09-01,36778400
2015-06-01,10878700
2013-08-01,14700
2017-01-01,13310900
2012-02-01,21352400
2013-07-01,64895600
2014-09-01,76300
2016-05-01,30475600
2012-09-01,60100
2012-02-01,4247700
2012-06-01,45257500
2012-03-01,23132600
2013-09-01,22808200
2015-04-01,17384200
2017-09-01,121100
2012-01-01,3602300
2013-02-01,3621000
2016-02-01,12110800
2017-10-01,3100
2012-09-01,6091700
2014-05-01,35996000
2016-12-01,31800
2017-05-01,48085800
2015-03-01,4427600
2015-07-01,36361900
2017-02-01,31700
2013-09-01,71700
2012-05-01,21334068
2013-02-01,22100
2016-04-01,35072400
2013-12-01,3699600
2017-05-01,1671500
2014-03-01,16181700
2013-11-01,26125500
2012-07-01,24957700
2016-02-01,4335400
2015-09-01,7394500
2017-01-01,696400
2013-03-01,4059100
2012-03-01,3763200
2016-06-01,16940900
2016-09-01,42177900
2017-02-01,16742600
2012-06-01,21802700
2016-05-01,27438300
2015-07-01,18293000
2012-04-01,33819500
2012-02-01,16956200
2016-05-01,15891300
2016-04-01,30079700
2013-10-01,4561800
2015-12-01,16413600
2013-05-01,36500200
2016-11-01,5044200
2013-06-01,38421400
2012-04-01,29137600
2012-06-01,6593700
2016-07-01,20429700
2015-02-01,26627300
2015-11-01,4246100
2016-03-01,12435000
2014-07-01,52200
2016-04-01,17154200
2014-05-01,39483600
2017-04-01,45800
2016-08-01,6836200
2015-10-01,65340100
2013-09-01,61611900
2012-06-01,55924100
2014-11-01,33282400
2012-09-01,23601200
2015-06-01,16406000
2013-10-01,18180500
2017-07-01,1000
2013-04-01,32898900
2013-12-01,30837000
2015-10-01,114300
2013-04-01,35318700
2015-02-01,3521600
2012-09-01,65102500
2012-02-01,20800
2013-06-01,4964100
2012-07-01,29226500
2015-05-01,36753400
2013-12-01,39068400
2014-02-01,20412000
2012-01-01,24400
2014-07-01,5501600
2015-12-01,4595500
2015-12-01,28938200
2013-04-01,48900
2012-03-01,4234700
2015-11-01,18697300
2015-04-01,31083700
2015-10-01,38180900
2016-11-01,17036100
2015-09-01,97200
2016-01-01,18246200
2016-01-01,28096900
2014-06-01,37024500
2012-10-01,36092400
2017-09-01,3200
2015-05-01,31214800
2015-02-01,23477100
2014-03-01,28687100
2014-12-01,3941500
2012-08-01,22534600
2012-03-01,17558343
2017-02-01,2307300
2017-03-01,796700
2017-10-01,104000
2012-01-01,18864300
2017-08-01,110200
2016-08-01,70900
2015-09-01,42566200
2015-10-01,19929000
2012-10-01,42373100
2012-12-01,39547900
2013-06-01,42300
2013-03-01,32200000
2016-03-01,31029000
2015-01-01,35323900
2013-01-01,4036100
2014-04-01,44749900
2017-06-01,1021500
2012-10-01,74600
2014-03-01,21822800
2012-04-01,28800
2013-11-01,40991600
2012-04-01,4507800
2016-07-01,39800500
2017-01-01,31000
2016-10-01,17857600
2016-08-01,14767900
2014-03-01,38755600
2012-12-01,19299000
2013-06-01,51138100
2013-08-01,46164500
2017-04-01,702600
2013-02-01,30535400
2016-01-01,33000
2015-08-01,88912300
2015-01-01,50700
2017-06-01,1300
2015-09-01,78394700
2017-03-01,40100
2012-11-01,58100
2012-11-01,42185500
2013-10-01,52200
2012-12-01,48200
2012-09-01,49810500
2013-06-01,40571200
2012-10-01,18877100
2013-07-01,56900
2015-04-01,32600
2012-03-01,18200
2012-01-01,24320500
2016-04-01,43200
2013-01-01,19458100
2015-02-01,21000
2013-11-01,35700
2012-06-01,48800
2015-05-01,4085200
2016-06-01,35476400
2013-09-01,66433700
2013-11-01,17877800
2017-06-01,46830400
2017-04-01,16843000
2017-06-01,47900
2016-12-01,17120300
2017-04-01,1235900
2016-12-01,715700
2014-08-01,19303700
2012-07-01,6010300
2014-04-01,29200
2015-07-01,44494100
2014-01-01,43305200
2012-05-01,5035000
2012-11-01,19170800
2015-04-01,4575500
2014-01-01,28100
2013-01-01,35467600
2015-12-01,43400
2012-05-01,39479500
2017-02-01,598300
2015-12-01,24267600
2012-05-01,21571200
2012-11-01,4795000
2016-05-01,34900
2016-08-01,20070900
2014-11-01,49100
2014-03-01,15900
2015-03-01,15293500
2017-01-01,16239000
2015-06-01,30552700
2014-07-01,38059300
2013-03-01,31900
2017-04-01,11540200
2016-12-01,12351500
2013-12-01,17502500
2015-03-01,31658000
2015-01-01,31952800
2013-03-01,31502500
2012-07-01,51091600
2015-11-01,41059300
2017-08-01,1000
2014-10-01,34923300
2014-06-01,18529100
2012-04-01,7678500
2015-12-01,30200300
2013-05-01,4836200
2015-06-01,33800
2013-04-01,4229500
2015-03-01,21700
2015-01-01,4567900
2012-12-01,36665000
2015-12-01,13051100
2015-08-01,45477700
2013-12-01,25600
2014-05-01,5051200
2016-12-01,4390200
2016-03-01,17177500
2015-05-01,28899800
2013-08-01,23213700
2015-11-01,95400
2016-04-01,4588500
2016-06-01,37300
2016-09-01,19806400
2017-05-01,53100
2014-10-01,53100
2015-08-01,21933100
2014-08-01,40449900
2016-05-01,4603000
2014-10-01,4961000
2013-11-01,3917900
2012-08-01,51375400
2013-05-01,42000
2014-11-01,4776100
2016-06-01,14037900
2013-12-01,22327900
2016-01-01,4323700
2016-10-01,13226100
2017-02-01,10461900
2013-09-01,49404400
2016-01-01,25636100
2013-01-01,30745800
2016-05-01,28790400
2017-05-01,955800
2014-07-01,19782200
2014-02-01,16752000
2014-09-01,6296900
2012-02-01,29387600
2017-01-01,4901200
2016-04-01,12439800
2015-04-01,30200000
2016-05-01,11928100
2016-11-01,61000
2016-03-01,33431400
2014-08-01,48926000
2012-08-01,22288300
2014-01-01,4189100
2014-05-01,18072600
2016-02-01,15405700
2013-08-01,6356200
2017-07-01,79300
2012-02-01,3114100
2015-08-01,8040000
2016-07-01,55900
2013-08-01,68233400
2014-06-01,32100
2012-03-01,31007900
2014-12-01,42800
2017-04-01,32326800
2014-04-01,4260600
2016-09-01,13745800
2014-03-01,3631000
2016-07-01,7606500
2016-09-01,6003800
2015-10-01,6268500
2012-07-01,53100
2012-12-01,4388000
2014-12-01,29842900
2014-11-01,17756400
2016-03-01,40251100
2015-05-01,16855200
2015-05-01,42900
2017-05-01,13075200
2017-02-01,4241400
2014-02-01,38039200
2012-01-01,5074900
2016-02-01,31202600
2016-06-01,10887500
2014-09-01,23341400
2016-09-01,71100
2013-10-01,49282500
2015-06-01,30883000
2013-07-01,22708800
2013-03-01,17095500
2014-08-01,6432600
2012-05-01,47822800
2013-07-01,55773300
2017-03-01,12131000
2015-06-01,4733000
2012-08-01,58300
2013-01-01,27000
2014-05-01,37300
2013-11-01,30932100
2014-07-01,40081000
2016-03-01,55400
2015-02-01,14965000
2014-02-01,29471800
2014-02-01,18400
2016-01-01,13781600
2015-07-01,45700
2017-03-01,30265700
2012-10-01,4675400
2014-02-01,3526400
2014-08-01,46800
2014-06-01,4909600
2013-08-01,57700
2013-10-01,39131500
2017-02-01,22107700
2015-11-01,31360300
2013-02-01,23831900
2017-03-01,16483300
2014-06-01,35857900
2016-03-01,26233800
2013-10-01,34566100
2013-07-01,5859700
2014-04-01,30192000
2012-05-01,46200
2015-03-01,24411000
2017-07-01,1091300
2017-05-01,1000
2012-08-01,61641400
2015-07-01,6359100
2014-04-01,17782200
2015-09-01,20954000
2013-08-01,57484900
2013-04-01,17988200
2012-08-01,7028600
2013-05-01,19296300
2016-02-01,25600
2012-04-01,17964489
2012-06-01,21913100
2012-01-01,33487000
2012-07-01,59619400
2012-11-01,37031700
2016-11-01,12265700
2016-03-01,4819000
2013-09-01,6139500
2014-10-01,17384500
2013-06-01,18732000
2014-11-01,34570800
2013-07-01,46897300
2015-08-01,71700
2016-10-01,75600
2014-09-01,54278300
2016-07-01,15647200
2016-06-01,5697100
2013-02-01,16583100
2016-06-01,32757600
2014-01-01,22602800
2016-10-01,5643200
2014-01-01,18634000
2013-05-01,37863500
2014-01-01,33165100
2016-09-01,21056900
2016-05-01,9068500
2017-01-01,21606600
2015-03-01,8597900
2016-09-01,47676400
2014-07-01,1222800
2012-08-01,17884400
2017-08-01,906700
2017-04-01,28752400
2017-06-01,12219300
2018-03-01,24511700
2014-12-01,13178800
2015-11-01,8524500
2017-08-01,55516100
2016-06-01,1559700
2015-02-01,36295100
2014-11-01,13200
2012-04-01,32377800
2017-07-01,8500
2015-04-01,7420900
2012-10-01,76761800
2016-08-01,92328200
2014-12-01,7379500
2015-05-01,5825500
2016-12-01,1406600
2012-04-01,41663300
2017-11-01,10786300
2013-08-01,36839000
2014-06-01,72657300
2013-12-01,9654500
2015-02-01,23894300
2016-08-01,46291000
2013-10-01,42006200
2017-08-01,12629700
2015-05-01,31022500
2017-06-01,9542500
2018-07-01,72897400
2018-01-01,749800
2017-12-01,59353400
2012-09-01,22135500
2018-03-01,3400
2017-12-01,2700
2014-03-01,38264700
2012-08-01,113536400
2012-11-01,38964900
2012-07-01,110001300
2013-05-01,20879600
2018-04-01,32640800
2016-07-01,30470600
2016-02-01,28927100
2018-08-01,66935800
2013-11-01,15245400
2018-08-01,98424300
2016-12-01,2735300
2014-01-01,21002100
2014-10-01,66027800
2017-04-01,34804900
2012-09-01,9970100
2016-12-01,28336000
2012-11-01,64280500
2014-05-01,26278800
2015-11-01,11978500
2013-03-01,14942500
2014-03-01,17835500
2017-11-01,52316100
2017-12-01,11451400
2013-02-01,624100
2018-08-01,4679500
2013-01-01,12220700
2013-12-01,48058000
2013-10-01,47575900
2012-12-01,7507900
2015-12-01,17632600
2013-04-01,0
2014-10-01,55758000
2018-09-01,22797400
2014-09-01,20600000
2015-02-01,0
2012-02-01,13635700
2018-08-01,105200
2013-07-01,19884700
2013-11-01,52104600
2014-09-01,53250300
2016-06-01,41586600
2013-09-01,99158400
2018-04-01,52800
2015-08-01,36074200
2012-03-01,7000500
2017-01-01,14531700
2016-03-01,18029900
2012-03-01,9658100
2013-12-01,31060300
2012-09-01,27837200
2015-10-01,68342600
2012-05-01,21495000
2012-10-01,23323300
2013-07-01,73675300
2012-01-01,19821100
2016-09-01,20481700
2014-08-01,58506100
2014-09-01,912600
2013-11-01,37116600
2015-03-01,37290900
2016-03-01,6502100
2015-05-01,3500
2015-08-01,11784400
2018-07-01,67701100
2015-06-01,0
2017-08-01,23507100
2014-12-01,36545100
2015-02-01,15607400
2015-08-01,18200400
2012-10-01,75471800
2016-10-01,54293600
2013-07-01,12268700
2012-08-01,87356000
2016-05-01,38490500
2014-11-01,39160600
2017-02-01,31402700
2015-05-01,7334600
2012-03-01,12438600
2017-04-01,44631300
2014-04-01,15428900
2012-06-01,10501600
2015-03-01,13924300
2016-11-01,47542700
2013-03-01,51957300
2017-03-01,27700800
2017-10-01,21989000
2014-06-01,77345200
2014-05-01,20763000
2012-09-01,31582200
2014-08-01,32972500
2013-06-01,13918000
2013-08-01,100024800
2014-02-01,6614300
2016-12-01,11058300
2015-10-01,12800500
2016-04-01,20057700
2018-05-01,42565100
2014-08-01,53850300
2016-07-01,81456900
2018-07-01,1172900
2013-10-01,975600
2017-03-01,41596900
2015-11-01,18689100
2012-03-01,29103100
2013-09-01,101261900
2012-05-01,89646900
2015-11-01,43836900
2012-01-01,11173600
2015-10-01,46736800
2018-06-01,62479700
2017-11-01,9589900
2015-05-01,729600
2014-08-01,92401200
2016-02-01,52830600
2017-12-01,6800
2015-09-01,20753400
2012-12-01,54280800
2018-05-01,47107000
2018-05-01,38840400
2018-01-01,41114500
2017-06-01,59704800
2012-06-01,59137000
2013-01-01,19158900
2012-05-01,53277800
2014-08-01,10097600
2015-10-01,16210800
2012-04-01,0
2014-04-01,32416600
2014-10-01,7102000
2012-02-01,46067000
2014-01-01,8611100
2017-01-01,9137300
2015-02-01,12529300
2015-11-01,777600
2012-01-01,31967300
2013-06-01,21109600
2015-08-01,104407600
2016-09-01,8035700
2013-04-01,63662800
2016-03-01,36878400
2018-03-01,4850500
2013-03-01,18906600
2017-10-01,33266700
2016-02-01,28761500
2017-10-01,21673900
2014-04-01,65467700
2015-03-01,36872000
2014-12-01,48392800
2017-05-01,1945100
2018-05-01,56028600
2014-02-01,29568600
2017-09-01,76036400
2012-08-01,22673700
2018-09-01,98765200
2016-10-01,19396000
2012-07-01,62500900
2012-07-01,36716600
2012-01-01,10409400
2015-10-01,13746200
2015-10-01,28303100
2012-10-01,11646200
2013-07-01,83824900
2017-02-01,6471800
2017-11-01,57806400
2014-12-01,5075400
2014-02-01,7584400
2016-12-01,30397800
2017-02-01,31737200
2014-08-01,100248000
2016-06-01,7747200
2013-03-01,32626600
2016-07-01,30128200
2017-01-01,660500
2016-10-01,35663800
2018-01-01,31450800
2016-06-01,19560500
2012-05-01,843700
2014-10-01,1047800
2012-06-01,15755025
2015-11-01,57208700
2016-04-01,33455700
2015-06-01,45698900
2016-06-01,8673200
2018-06-01,818400
2015-03-01,0
2016-11-01,683900
2014-02-01,13685600
2013-06-01,80660800
2018-07-01,30917200
2012-05-01,18158000
2015-06-01,31955700
2017-11-01,52826000
2016-04-01,6000
2013-05-01,51666900
2013-03-01,39294600
2015-08-01,69554800
2018-06-01,28828100
2014-12-01,20293400
2017-12-01,44654500
2012-02-01,13763400
2015-01-01,47876600
2013-05-01,11009500
2016-04-01,18956100
2017-05-01,66008900
2018-03-01,13913300
2014-01-01,40696200
2012-11-01,26295400
2013-01-01,54607500
2017-09-01,29316200
2017-12-01,56907200
2017-07-01,45895000
2012-12-01,39974500
2015-06-01,30153700
2014-02-01,4978700
2012-07-01,13774100
2013-07-01,107546200
2012-07-01,87526200
2017-02-01,41209000
2014-09-01,37214300
2018-09-01,24378200
2016-08-01,11914700
2016-10-01,67885800
2013-04-01,12370200
2016-06-01,11295600
2018-07-01,13063600
2014-07-01,48233100
2017-02-01,2092900
2015-01-01,47254200
2013-08-01,27456500
2014-02-01,34587400
2018-06-01,4345800
2017-06-01,19083200
2018-06-01,40810000
2016-03-01,17254400
2015-11-01,41158100
2017-09-01,64223900
2013-07-01,31548400
2014-02-01,8770800
2018-05-01,25674800
2012-06-01,22326200
2018-09-01,19699300
2012-10-01,48746500
2013-08-01,76422600
2012-02-01,6366200
2017-12-01,17074700
2015-08-01,20121000
2014-12-01,0
2013-06-01,10183100
2016-03-01,14817000
2014-09-01,36108300
2017-06-01,40818300
2016-07-01,31516400
2016-01-01,9577500
2014-05-01,10514900
2017-08-01,55615100
2013-04-01,46225100
2014-05-01,1256100
2016-10-01,70715900
2014-02-01,26379300
2016-06-01,17219700
2012-02-01,46366900
2015-04-01,50618900
2014-03-01,28268400
2014-04-01,39155400
2016-02-01,41327900
2012-01-01,1618300
2017-04-01,51178200
2012-01-01,40558900
2016-07-01,17043400
2015-06-01,19458200
2015-11-01,23638700
2015-03-01,9693700
2014-06-01,19860900
2012-05-01,87685000
2015-02-01,12163400
2015-07-01,47190400
2018-02-01,22572000
2014-12-01,18106500
2015-08-01,39868500
2018-09-01,10825800
2015-01-01,12149000
2016-12-01,14041000
2018-04-01,2623300
2014-02-01,27788700
2012-08-01,30122000
2015-08-01,56923000
2015-07-01,9177100
2013-04-01,41881800
2016-08-01,27667700
2017-03-01,13888500
2015-01-01,41615700
2018-01-01,5838800
2018-03-01,576500
2017-10-01,51772700
2012-06-01,59222200
2018-06-01,17434000
2016-12-01,36480800
2016-04-01,22728300
2017-03-01,13065400
2013-07-01,56663400
2015-11-01,61305900
2012-11-01,11492600
2014-07-01,81575800
2017-07-01,785100
2014-11-01,7540800
2013-09-01,1392300
2013-05-01,20800500
2018-08-01,16528900
2017-06-01,64092300
2012-07-01,113040400
2013-02-01,58542900
2015-07-01,20808900
2017-09-01,26970100
2013-07-01,57372600
2017-05-01,25266900
2016-10-01,7842100
2018-02-01,1620900
2017-03-01,30827400
2015-02-01,17459000
2017-08-01,42166700
2013-08-01,78851900
2017-12-01,46175300
2016-05-01,2600
2012-11-01,13775300
2017-03-01,62843200
2015-06-01,24740300
2015-10-01,818700
2018-05-01,8198800
2015-04-01,7488100
2014-10-01,63636400
2018-02-01,32325900
2012-03-01,14814500
2017-04-01,36296100
2014-11-01,64369100
2014-10-01,619700
2014-07-01,9505700
2012-10-01,0
2012-04-01,53417900
2016-05-01,18785600
2012-03-01,11918000
2017-05-01,40185500
2015-07-01,25563200
2016-12-01,40123600
2013-04-01,67423900
2015-11-01,17656400
2016-09-01,12939100
2013-10-01,10997600
2013-09-01,84610000
2013-02-01,46279100
2017-05-01,42621100
2012-08-01,26888800
2014-04-01,16034200
2016-07-01,10520700
2012-06-01,49503500
2012-08-01,64398100
2017-02-01,12503900
2015-10-01,8708000
2013-06-01,24004800
2018-02-01,57456100
2016-01-01,66021800
2015-09-01,29505500
2018-09-01,25034600
2017-02-01,18581400
2015-01-01,9576800
2012-12-01,13695600
2012-10-01,17596100
2014-05-01,12897500
2015-04-01,29662700
2013-05-01,76226300
2016-03-01,11439300
2013-07-01,0
2016-08-01,91915300
2012-12-01,8668800
2018-01-01,31164800
2016-10-01,710200
2018-07-01,67826200
2017-06-01,66678300
2014-05-01,42614900
2014-12-01,37828100
2017-06-01,16119400
2012-02-01,9075300
2013-04-01,6688100
2015-03-01,34839500
2015-09-01,33484400
2015-09-01,37168300
2017-07-01,63458200
2014-08-01,51787500
2013-10-01,70869500
2016-04-01,52944100
2015-10-01,75164600
2015-01-01,14895800
2018-03-01,8004900
2013-11-01,44986300
2015-04-01,0
2017-04-01,62709300
2013-06-01,53922900
2014-04-01,1078400
2018-07-01,40147200
2018-03-01,9653600
2014-04-01,47376700
2014-09-01,16081400
2017-02-01,26418600
2017-01-01,60260500
2017-12-01,16245200
2015-05-01,58267300
2015-06-01,39058600
2014-06-01,21430800
2012-09-01,121460600
2016-03-01,20048600
2017-12-01,6475000
2013-07-01,52885700
2014-08-01,14114700
2015-09-01,61132000
2018-07-01,27143100
2017-12-01,37058100
2017-01-01,15381600
2017-12-01,8348400
2013-02-01,41002700
2013-05-01,45398500
2015-09-01,105264400
2017-04-01,14496900
2017-09-01,6363900
2017-12-01,14561100
2017-06-01,48633500
2016-05-01,20343700
2016-08-01,60698600
2014-02-01,9699300
2014-08-01,23091600
2017-07-01,18688800
2013-02-01,0
2015-09-01,24077000
2012-09-01,91332200
2014-01-01,34554300
2013-09-01,65706500
2012-08-01,938100
2017-04-01,39432100
2017-10-01,1006000
2016-08-01,69772300
2017-04-01,47404300
2015-04-01,19835100
2015-05-01,62275800
2016-09-01,21631900
2013-04-01,16277500
2016-12-01,4500
2016-09-01,23507100
2014-08-01,68712600
2018-03-01,25332600
2015-03-01,13059800
2014-05-01,56432200
2014-11-01,19434500
2017-04-01,20636500
2013-08-01,88298700
2016-04-01,30579300
2013-11-01,6814600
2012-08-01,117811900
2013-10-01,8310600
2015-01-01,44645600
2013-07-01,58165800
2012-09-01,101641500
2012-06-01,92227900
2014-04-01,25621900
2018-09-01,65915700
2018-08-01,3903300
2017-04-01,30098100
2015-09-01,52163200
2014-02-01,14152900
2012-07-01,0
2018-08-01,1492600
2014-03-01,14021800
2016-10-01,23386700
2018-01-01,4900
2014-02-01,42751700
2016-07-01,2007700
2017-04-01,59658700
2013-04-01,54278100
2017-12-01,11017200
2018-08-01,76757100
2012-08-01,113454800
2013-06-01,10509100
2014-06-01,62102200
2016-05-01,9807100
2016-04-01,6963200
2017-09-01,14566300
2014-12-01,7284800
2013-12-01,27760100
2014-09-01,63378700
2018-05-01,19992300
2012-06-01,1523300
2016-05-01,22548200
2015-11-01,15972500
2018-05-01,64051000
2015-07-01,0
2015-01-01,18080700
2015-09-01,37513100
2017-09-01,81451600
2018-01-01,21887500
2014-11-01,24378100
2013-07-01,9783000
2014-05-01,10229600
2017-05-01,33418100
2017-09-01,9561900
2017-08-01,35790600
2017-09-01,26815400
2016-04-01,11403800
2017-04-01,4100
2015-07-01,47229700
2012-09-01,19311500
2016-09-01,16880700
2016-02-01,7029100
2017-11-01,42523600
2013-03-01,1014200
2015-01-01,53753200
2016-05-01,6800300
2015-10-01,97268600
2014-12-01,18429000
2015-10-01,49130000
2017-01-01,30500800
2017-12-01,792900
2012-06-01,0
2012-03-01,71097600
2013-11-01,17830700
2015-05-01,6867300
2016-05-01,46818000
2015-04-01,49508800
2015-02-01,6606700
2017-02-01,40041300
2016-04-01,36075000
2013-09-01,16650700
2012-10-01,8546800
2014-08-01,87793300
2014-11-01,13015000
2015-08-01,23700
2013-11-01,15170500
2016-10-01,12305200
2013-02-01,17727600
2014-05-01,43377100
2015-08-01,66626900
2012-02-01,857600
2018-04-01,39728400
2018-01-01,40164500
2015-04-01,18207600
2018-01-01,13370800
2018-04-01,7398100
2015-09-01,109141500
2015-05-01,23162800
2015-05-01,43221000
2015-02-01,33511300
2015-10-01,21339500
2014-11-01,12251900
2015-08-01,112697300
2017-07-01,85070300
2017-01-01,7424400
2014-11-01,46688400
2016-01-01,5000
2016-10-01,12102600
2012-04-01,6054200
2016-04-01,10461200
2014-11-01,618700
2017-05-01,15521600
2014-09-01,57293300
2012-10-01,783700
2015-12-01,36400300
2017-04-01,5034000
2014-10-01,32518300
2017-12-01,39772400
2012-05-01,85095400
2018-06-01,10801100
2013-07-01,22730000
2014-07-01,51394900
2015-12-01,12248200
2016-03-01,20011600
2015-11-01,35397000
2015-04-01,887400
2018-02-01,40778800
2016-12-01,49096000
2015-05-01,15430300
2017-04-01,52455800
2018-01-01,5460500
2015-03-01,18137700
2013-12-01,36792700
2012-03-01,14900800
2014-03-01,42934400
2017-04-01,656100
2012-03-01,48439800
2014-07-01,67782700
2016-07-01,86062200
2014-02-01,11085600
2017-08-01,12374100
2013-05-01,19625800
2013-11-01,35736300
2013-08-01,48521200
2016-09-01,13842500
2017-06-01,40005100
2018-01-01,28589200
2015-10-01,80134900
2015-12-01,7376300
2016-03-01,7915200
2012-03-01,28989500
2014-04-01,9312100
2013-10-01,21836600
2014-09-01,44394900
2017-12-01,18177900
2016-01-01,769700
2013-05-01,44411400
2015-12-01,5127800
2016-01-01,38614100
2014-06-01,15997200
2017-11-01,33702900
2017-06-01,9134500
2015-06-01,20216800
2018-04-01,17216700
2017-06-01,66965400
2016-07-01,15159300
2018-09-01,2126100
2012-09-01,39598900
2018-03-01,718100
2013-10-01,60947900
2017-07-01,12107700
2012-12-01,1119100
2018-07-01,56367300
2016-11-01,16099700
2015-06-01,6203800
2016-07-01,10547000
2017-09-01,18295200
2013-04-01,48500100
2017-08-01,55924200
2016-10-01,40741400
2016-11-01,64714200
2012-06-01,92554400
2018-04-01,12357900
2016-12-01,18389900
2018-07-01,77523900
2013-05-01,78050100
2014-11-01,46148200
2018-03-01,43173200
2015-07-01,13421100
2016-03-01,23742100
2013-08-01,1302700
2017-07-01,32254300
2018-03-01,1736000
2017-01-01,20119500
2012-09-01,22552800
2017-08-01,3494300
2018-03-01,4823400
2017-11-01,18531900
2018-09-01,4075000
2017-01-01,11372000
2016-02-01,18975700
2016-03-01,11553400
2014-02-01,56344000
2014-02-01,18709600
2013-07-01,96677300
2013-12-01,8905200
2016-10-01,40170100
2018-04-01,10578800
2014-11-01,19654900
2014-03-01,14481900
2018-09-01,94891800
2012-03-01,10102100
2012-11-01,27989000
2015-09-01,51709400
2012-02-01,34191800
2018-06-01,57625100
2017-08-01,94965400
2016-07-01,804200
2014-11-01,11784800
2012-08-01,65780800
2015-05-01,27614600
2017-05-01,23450000
2016-07-01,98053200
2013-08-01,101251000
2016-03-01,29361600
2018-07-01,4154500
2015-08-01,123406300
2013-03-01,61544200
2017-10-01,36849200
2013-11-01,20589800
2016-04-01,7685500
2014-01-01,21069200
2014-06-01,13589200
2013-07-01,12214100
2017-10-01,36615600
2014-09-01,78260600
2012-10-01,14661000
2017-09-01,12591200
2015-04-01,18569900
2012-09-01,99695900
2014-02-01,11235500
2014-01-01,62595600
2018-03-01,50394800
2017-02-01,26997300
2014-12-01,834200
2018-03-01,75700
2017-09-01,13497300
2014-11-01,71215100
2017-10-01,1702900
2018-06-01,14854700
2013-08-01,35606100
2012-12-01,26381600
2017-03-01,9397200
2016-02-01,42279300
2018-07-01,18162000
2017-10-01,5668800
2017-10-01,65605800
2016-08-01,48351300
2012-04-01,7731300
2012-07-01,10487200
2017-06-01,21948600
2015-05-01,780000
2016-02-01,12653600
2014-08-01,14694400
2013-12-01,45689800
2013-05-01,46008600
2017-02-01,41122800
2017-08-01,6700
2018-01-01,7111300
2016-11-01,20109000
2013-08-01,12263600
2017-03-01,2700
2017-05-01,22194800
2015-04-01,35842100
2016-05-01,35519800
2016-10-01,63651600
2012-03-01,7855400
2017-03-01,45144500
2013-04-01,18320600
2017-06-01,35404000
2017-08-01,96012000
2012-10-01,26114800
2013-03-01,60260700
2015-03-01,44201400
2012-01-01,16536800
2015-04-01,8220700
2015-01-01,16938800
2017-07-01,59898500
2014-08-01,21190500
2016-08-01,53906100
2017-04-01,15608500
2018-04-01,39960000
2015-04-01,18403400
2014-11-01,65187500
2017-06-01,74328800
2013-05-01,22944000
2016-01-01,7281400
2017-07-01,59187600
2016-08-01,50383500
2013-02-01,12722300
2013-04-01,11917000
2016-07-01,41863800
2015-10-01,45885700
2018-01-01,32140400
2017-07-01,41438900
2016-02-01,17965000
2014-06-01,26904500
2018-09-01,28935900
2014-01-01,914300
2014-07-01,22940300
2018-02-01,42227800
2014-12-01,62998800
2012-03-01,52626500
2014-06-01,24681000
2016-04-01,45269600
2014-11-01,9092600
2016-08-01,11830600
2012-09-01,13721900
2018-02-01,9312200
2015-06-01,7180600
2017-01-01,47631700
2015-02-01,39039700
2014-07-01,40210900
2012-04-01,8156000
2016-01-01,38577600
2015-01-01,0
2013-11-01,24694400
2014-10-01,0
2014-10-01,19644200
2016-10-01,18681700
2017-03-01,18012500
2018-07-01,38771300
2016-10-01,51823200
2017-11-01,47310400
2012-05-01,10684300
2016-12-01,64521200
2016-01-01,30133900
2018-08-01,11728300
2014-02-01,17523300
2015-10-01,83975400
2016-12-01,30840600
2015-12-01,23619600
2013-02-01,36141900
2017-06-01,8205200
2018-04-01,60900
2014-06-01,46930500
2016-11-01,7847300
2018-07-01,49513700
2017-10-01,16917200
2016-10-01,42198300
2013-11-01,66701200
2017-08-01,14251700
2018-05-01,57373800
2014-05-01,63575700
2015-01-01,26981200
2013-10-01,47968700
2018-06-01,68424400
2016-03-01,9108300
2014-12-01,10685900
2018-07-01,56635700
2017-10-01,12314000
2018-02-01,4540200
2012-07-01,95426000
2013-01-01,8102200
2017-09-01,3227600
2014-02-01,17052100
2017-12-01,692800
2018-07-01,28528400
2018-01-01,22322400
2016-10-01,10923600
2014-04-01,35651600
2017-09-01,10300
2018-01-01,2045600
2017-01-01,48815900
2012-06-01,57865300
2016-08-01,18483000
2017-02-01,9998200
2017-01-01,3521600
2016-09-01,10200
2014-06-01,8740100
2012-01-01,53669900
2013-09-01,10069200
2014-04-01,0
2017-03-01,36606800
2017-09-01,55620700
2012-03-01,627200
2018-03-01,33156500
2017-04-01,35074800
2013-02-01,24296800
2017-11-01,40931000
2012-12-01,23413400
2018-05-01,33384000
2017-08-01,30802500
2015-03-01,38008000
2015-04-01,32312300
2015-06-01,18112000
2012-09-01,66737500
2016-12-01,7082200
2013-01-01,21845800
2015-09-01,49840600
2015-07-01,22596400
2017-11-01,18885300
2013-09-01,118153000
2015-03-01,35076600
2013-11-01,53317100
2018-08-01,11529500
2018-02-01,21109900
2014-08-01,20104900
2017-05-01,2900
2017-12-01,36932200
2014-03-01,26476200
2012-11-01,78755000
2016-03-01,42834500
2012-10-01,73291800
2015-11-01,1100200
2015-07-01,10380500
2013-02-01,17724200
2016-11-01,33161500
2016-06-01,14293800
2012-04-01,72996700
2015-08-01,1513300
2016-05-01,55319700
2017-03-01,19441200
2015-03-01,3400
2016-03-01,10844200
2017-03-01,8192200
2015-02-01,21557200
2015-02-01,20570200
2013-09-01,56098200
2012-04-01,57263100
2012-07-01,56353100
2014-06-01,8963700
2014-09-01,87833000
2017-11-01,31228300
2012-08-01,11171900
2013-01-01,16666300
2015-05-01,37810900
2017-04-01,2855400
2012-02-01,27752200
2013-11-01,7761200
2016-03-01,36376700
2013-11-01,9768200
2018-05-01,16987600
2014-11-01,18551700
2018-01-01,2741100
2017-03-01,28369300
2013-01-01,13568100
2016-12-01,7662200
2018-04-01,18999000
2013-10-01,24622900
2014-12-01,3300
2013-04-01,674700
2017-02-01,17384500
2013-11-01,0
2016-03-01,64940300
2016-01-01,59281300
2015-07-01,61357000
2014-10-01,18969600
2017-11-01,35280600
2015-02-01,57625000
2016-07-01,8400
2017-08-01,82022500
2013-04-01,66765900
2016-06-01,9664700
2018-01-01,10726300
2014-07-01,13310800
2012-11-01,80477100
2015-02-01,6479400
2016-09-01,42633600
2014-09-01,14797600
2015-12-01,18258500
2015-06-01,692500
2014-10-01,19011500
2017-02-01,17429600
2015-05-01,0
2016-10-01,32647800
2018-05-01,64439000
2015-06-01,979800
2017-09-01,24068700
2018-01-01,37114600
2016-09-01,8995100
2017-03-01,46624000
2013-11-01,47494400
2012-06-01,99883500
2016-12-01,19191200
2012-07-01,18051975
2016-09-01,60619600
2013-04-01,42783400
2014-01-01,1114100
2015-02-01,41212500
2015-08-01,22301300
2014-02-01,45107400
2013-08-01,9977900
2017-07-01,21820100
2016-12-01,34094600
2015-05-01,47736200
2018-09-01,19878500
2017-04-01,1851900
2017-02-01,35227000
2015-05-01,34289400
2012-10-01,47288200
2015-10-01,38986200
2015-02-01,4554700
2017-01-01,40335400
2016-11-01,1458000
2015-01-01,20227500
2014-03-01,9124100
2014-05-01,37168400
2015-06-01,7741000
2016-11-01,8404900
2015-05-01,19528800
2015-11-01,34671000
2015-09-01,86214700
2013-08-01,19629800
2018-04-01,11229400
2018-02-01,651600
2012-07-01,60190100
2017-01-01,4000
2017-09-01,21762500
2016-08-01,16886900
2016-08-01,847700
2014-07-01,11642800
2013-08-01,23889900
2017-11-01,17858800
2018-09-01,903600
2017-07-01,41924100
2013-06-01,17292200
2012-11-01,45620000
2018-09-01,17041700
2015-07-01,11960500
2012-07-01,19102800
2012-09-01,14925000
2017-09-01,2700200
2017-08-01,21885900
2017-05-01,11761400
2018-09-01,41293100
2015-11-01,66642600
2017-12-01,32655100
2013-10-01,36373500
2018-09-01,89464400
2012-03-01,49269400
2018-01-01,16014500
2018-01-01,14764300
2014-08-01,103727400
2017-10-01,4386300
2014-10-01,22579100
2018-05-01,19885700
2017-05-01,47542500
2017-05-01,41011600
2015-06-01,58440600
2015-10-01,94930600
2013-11-01,10241400
2017-07-01,15713900
2012-08-01,14395200
2016-07-01,28545500
2016-05-01,19066000
2016-09-01,35302000
2013-09-01,19063100
2017-12-01,4587200
2015-02-01,10241800
2013-05-01,13434800
2013-12-01,18392400
2015-07-01,1298200
2016-12-01,18884400
2018-03-01,26485100
2013-09-01,100956400
2018-05-01,22937100
2012-02-01,37378500
2012-08-01,41075100
2013-10-01,64171400
2016-01-01,18868600
2013-06-01,46203000
2014-08-01,54696400
2016-09-01,35849200
2014-11-01,22741500
2017-02-01,8750800
2012-05-01,30799600
2014-12-01,36092600
2013-03-01,34376400
2015-04-01,5821200
2017-11-01,23701600
2013-08-01,28980200
2015-08-01,12246600
2018-06-01,22682700
2015-02-01,8305200
2017-06-01,21400
2012-09-01,57486900
2016-09-01,41245700
2015-12-01,44883500
2014-03-01,18796600
2017-03-01,2471300
2015-05-01,39445700
2013-03-01,9710500
2013-04-01,19297100
2018-06-01,84927700
2015-10-01,6600
2018-01-01,47275100
2014-06-01,43803400
2013-01-01,62421300
2015-09-01,34132100
2017-08-01,2503100
2018-06-01,56398000
2012-04-01,15227500
2016-12-01,2950500
2018-09-01,62506900
2018-01-01,25807900
2013-11-01,821400
2017-04-01,11196900
2013-02-01,14903500
2016-09-01,30884500
2017-12-01,28900300
2018-04-01,19806900
2012-08-01,58673200
2016-10-01,9363900
2017-06-01,48884500
2017-07-01,28467000
2012-12-01,59026900
2012-10-01,67259000
2017-02-01,23989600
2017-03-01,10616800
2018-04-01,5976500
2016-02-01,14424700
2018-04-01,31458000
2013-09-01,109449800
2015-03-01,890900
2016-10-01,1735600
2013-08-01,0
2018-08-01,32314700
2018-08-01,328600
2018-02-01,42559400
2017-03-01,48799400
2014-08-01,82772900
2017-05-01,69032800
2014-05-01,48522500
2013-01-01,23607400
2014-07-01,760600
2016-02-01,15374800
2014-04-01,18291300
2018-02-01,2689200
2016-08-01,89585500
2017-08-01,31002500
2015-03-01,50129000
2015-01-01,41474800
2012-05-01,43558500
2016-01-01,12123600
2015-04-01,5100
2015-02-01,7331300
2015-12-01,9655500
2018-02-01,13749600
2014-09-01,23650100
2017-08-01,50371000
2012-12-01,9973300
2018-01-01,36600
2015-07-01,64672500
2015-03-01,7191800
2012-08-01,34029900
2014-12-01,9552900
2013-03-01,19071400
2014-12-01,13945100
2012-05-01,10666800
2016-10-01,39833400
2018-03-01,10992600
2013-12-01,38555500
2013-10-01,12650500
2013-04-01,69260800
2018-05-01,69305100
2013-07-01,48475000
2018-01-01,48094300
2014-05-01,682300
2014-05-01,77136800
2017-09-01,21340600
2016-10-01,48256000
2016-11-01,37830700
2014-09-01,52508600
2015-02-01,792200
2017-08-01,14211800
2017-07-01,50726300
2017-11-01,2822000
2013-10-01,709100
2018-01-01,47775500
2015-07-01,45427100
2012-03-01,46725900
2012-06-01,19840300
2013-05-01,13030000
2014-03-01,45800400
2018-05-01,2774000
2016-11-01,24279300
2018-09-01,18703700
2012-11-01,50554300
2017-04-01,7978200
2016-06-01,19372800
2017-05-01,59734300
2014-11-01,1065100
2016-04-01,11860800
2013-05-01,73187900
2012-01-01,7208400
2012-11-01,20113200
2017-03-01,1465400
2012-07-01,1470100
2012-07-01,114524200
2012-11-01,1151100
2012-12-01,73428700
2016-11-01,11429800
2018-06-01,45728300
2015-07-01,8207400
2014-02-01,748400
2015-08-01,11143600
2012-06-01,77541500
2018-06-01,35775000
2014-11-01,30896900
2013-01-01,6622000
2012-06-01,109701200
2018-02-01,10996000
2016-08-01,10271800
2018-03-01,2911600
2016-01-01,21452300
2017-09-01,65311700
2012-10-01,26070400
2017-02-01,6507500
2013-03-01,19151300
2012-05-01,24636500
2016-08-01,27691500
2014-06-01,20720500
2017-05-01,3528500
2016-11-01,20893800
2013-02-01,17067400
2016-06-01,48667700
2012-03-01,17775600
2015-08-01,34925900
2017-10-01,46688200
2014-12-01,47590000
2017-09-01,24952300
2017-10-01,69661900
2012-01-01,30874700
2014-06-01,68974100
2016-02-01,34693700
2016-07-01,88669200
2013-12-01,7775900
2016-06-01,2400
2013-03-01,6684700
2014-10-01,25357100
2017-11-01,23812600
2014-11-01,9956000
2016-04-01,36699400
2014-05-01,18481800
2018-06-01,13124600
2018-04-01,7737200
2017-02-01,33899900
2017-12-01,1498200
2016-01-01,46584500
2018-03-01,8425600
2016-01-01,37539200
2018-08-01,15321800
2015-11-01,23619300
2012-06-01,99600100
2018-08-01,50512800
2017-04-01,7124700
2017-08-01,43247700
2012-11-01,13072500
2012-01-01,4931600
2014-07-01,83648900
2016-11-01,12200
2018-05-01,18891400
2018-06-01,3455800
2014-08-01,29893400
2014-05-01,9799500
2018-04-01,3619100
2018-06-01,20720300
2017-07-01,30608100
2013-02-01,6589300
2013-09-01,30909500
2018-08-01,57745300
2016-08-01,20804900
2014-06-01,52972600
2014-02-01,0
2013-05-01,1145000
2015-01-01,41910900
2018-09-01,38879400
2016-11-01,38219700
2017-09-01,11822300
2016-06-01,50004800
2014-04-01,49596500
2012-04-01,26566200
2012-01-01,14790400
2018-07-01,11186400
2015-04-01,21254000
2017-12-01,10470600
2018-02-01,685700
2018-07-01,1785100
2013-02-01,9980500
2016-06-01,658600
2012-01-01,8107200
2013-04-01,10336600
2017-03-01,19647100
2014-11-01,0
2018-04-01,15447100
2013-12-01,5453900
2014-09-01,9978600
2016-10-01,7900
2018-01-01,9525300
2013-03-01,17825700
2013-11-01,18467400
2015-12-01,14854000
2016-11-01,60846900
2016-08-01,32903500
2018-07-01,9424400
2012-01-01,34832500
2017-09-01,34510300
2015-10-01,12794000
2017-07-01,22107700
2016-01-01,7504900
2018-06-01,11639500
2016-06-01,55359100
2018-04-01,3790700
2018-02-01,26121400
2015-05-01,35078700
2016-09-01,26777600
2017-09-01,31678700
2014-01-01,21523600
2017-07-01,74124900
2016-08-01,95100500
2013-10-01,12432000
2015-09-01,15314100
2017-10-01,32711100
2013-07-01,36088000
2017-02-01,1415500
2013-01-01,52458900
2018-03-01,40669300
2013-02-01,11828100
2013-03-01,0
2015-07-01,33770700
2015-05-01,17842600
2014-12-01,19048500
2013-10-01,7262200
2017-01-01,1528000
2017-12-01,18435100
2016-09-01,24598200
2018-06-01,81073900
2016-06-01,16350200
2017-07-01,15470800
2018-06-01,16600
2018-07-01,28453400
2014-03-01,17802200
2018-09-01,12034700
2013-12-01,19145700
2013-04-01,7544900
2012-08-01,34295900
2018-05-01,24566900
2015-02-01,32868300
2017-03-01,7988400
2018-06-01,28720200
2017-06-01,21389400
2013-04-01,73774900
2017-01-01,18794700
2015-12-01,19506300
2015-09-01,104712700
2012-01-01,62599700
2017-06-01,11922900
2013-05-01,60400300
2014-12-01,40100900
2015-03-01,7091800
2012-06-01,849700
2017-04-01,6681900
2013-09-01,33118400
2016-05-01,6197100
2015-10-01,45253500
2013-11-01,60604100
2018-03-01,7594400
2015-07-01,8270900
2018-02-01,18526700
2018-08-01,89538800
2015-09-01,1512900
2018-01-01,9349300
2014-07-01,81750300
2017-12-01,11359600
2012-02-01,23864100
2016-01-01,24834500
2017-03-01,21711400
2013-03-01,48771200
2014-03-01,44034900
2015-03-01,4764100
2017-05-01,23805000
2017-05-01,8908900
2017-10-01,11570900
2016-12-01,48879700
2017-12-01,23183900
2012-03-01,39678800
2018-04-01,16541000
2016-12-01,8467300
2015-07-01,736400
2017-08-01,80766800
2017-05-01,57213500
2012-11-01,74996900
2018-03-01,55978800
2013-06-01,83108600
2015-09-01,10243400
2014-02-01,9291000
2018-04-01,50800600
2016-03-01,32390500
2018-03-01,37406900
2018-04-01,37404700
2017-10-01,9295700
2014-02-01,791800
2016-04-01,42934300
2016-02-01,9916700
2017-03-01,23255600
2016-02-01,35662800
2016-08-01,22180600
2017-07-01,56402400
2018-01-01,16706400
2018-07-01,81121900
2012-11-01,20661700
2017-01-01,39761600
2014-08-01,67536800
2016-12-01,18740900
2017-05-01,70253200
2014-04-01,32261300
2018-04-01,45330000
2013-08-01,55263900
2013-09-01,54895100
2015-06-01,45677000
2017-06-01,746100
2014-10-01,18822600
2013-05-01,8471500
2018-07-01,102000
2018-08-01,722700
2018-02-01,17427500
2017-04-01,15375600
2013-01-01,0
2014-06-01,1108800
2018-08-01,44580700
2017-12-01,7639900
2013-05-01,9901300
2017-11-01,16480200
2016-05-01,6902500
2014-05-01,0
2016-09-01,69850900
2016-07-01,13926200
2014-01-01,5628800
2018-08-01,21849500
2016-10-01,70325100
2017-10-01,2793900
2014-04-01,8224300
2012-05-01,90237500
2015-11-01,40493600
2015-04-01,65269400
2013-09-01,59594800
2013-06-01,28317000
2016-11-01,50984400
2018-05-01,11601600
2015-01-01,9898800
2016-03-01,60594000
2016-03-01,50614300
2012-10-01,7928900
2017-09-01,40974100
2015-11-01,19235100
2012-09-01,1402400
2014-01-01,13564000
2017-10-01,16553000
2017-05-01,5915600
2015-04-01,10333200
2016-04-01,8753200
2016-05-01,11010400
2015-06-01,13357900
2016-05-01,26524400
2018-02-01,32512500
2012-09-01,125589400
2018-06-01,43237900
2017-05-01,14206600
2018-07-01,13807900
2016-12-01,48328700
2017-11-01,3663100
2014-03-01,63260300
2012-12-01,37765100
2013-12-01,18040700
2014-06-01,43730800
2018-04-01,62783200
2012-01-01,0
2012-09-01,122783800
2013-11-01,45025900
2013-11-01,704200
2017-07-01,87772100
2015-04-01,29072600
2018-07-01,44618200
2016-10-01,62794700
2014-07-01,10376300
2015-06-01,64654300
2017-11-01,7127800
2015-02-01,4000
2015-07-01,9959800
2015-06-01,9090800
2017-02-01,12809800
2014-08-01,790500
2014-04-01,11213000
2017-05-01,33800000
2015-06-01,18974600
2013-06-01,66030100
2015-10-01,10569600
2013-06-01,26030400
2014-09-01,13205200
2017-02-01,3700
2012-12-01,41957700
2013-01-01,1210300
2014-09-01,27104200
2017-09-01,18551300
2018-07-01,3218700
2017-07-01,83856800
2018-09-01,37695200
2015-09-01,22040000
2016-07-01,59731600
2014-01-01,73353000
2017-01-01,31436200
2016-04-01,41423700
2016-06-01,29546100
2017-11-01,14912800
2015-08-01,113112100
2014-01-01,27620900
2014-07-01,21526400
2013-02-01,28737700
2013-01-01,8898000
2014-08-01,10221800
2017-01-01,13714700
2012-10-01,77714400
2018-01-01,28852500
2018-06-01,58280300
2016-10-01,9923400
2017-06-01,4113700
2015-01-01,50377400
2015-01-01,60792800
2017-03-01,1381500
2017-11-01,642300
2018-08-01,40461600
2018-07-01,52694500
2014-02-01,64172900
2013-01-01,68056900
2014-03-01,6562500
2016-05-01,14515900
2014-09-01,0
2017-10-01,11704300
2013-07-01,108573200
2017-03-01,29788100
2015-07-01,57585700
2014-01-01,30857500
2017-04-01,23229100
2013-09-01,13266800
2015-01-01,35689700
2017-11-01,23303800
2012-12-01,75956300
2014-07-01,28100100
2017-01-01,5819900
2017-09-01,72207700
2013-02-01,5287500
2014-09-01,28950200
2016-08-01,76224700
2016-04-01,17744800
2015-04-01,9270700
2013-07-01,16192800
2013-06-01,13253700
2016-11-01,22272200
2014-10-01,9800
2016-02-01,44735900
2012-07-01,82541400
2014-01-01,11017600
2014-07-01,49379300
2017-04-01,8414400
2018-03-01,15089200
2015-12-01,38712300
2017-01-01,16201300
2015-02-01,32173100
2018-07-01,21707000
2012-11-01,43558700
2016-08-01,30565900
2015-05-01,17764300
2012-12-01,0
2015-11-01,0
2016-05-01,13572200
2018-09-01,82950700
2016-08-01,12600
2016-01-01,47720500
2016-08-01,28308700
2015-06-01,16660900
2018-09-01,25737000
2017-11-01,12292200
2013-04-01,21705600
2017-01-01,32353600
2016-05-01,36976600
2017-11-01,32507300
2017-11-01,5371200
2016-11-01,24311700
2015-11-01,11833400
2017-08-01,20432000
2018-08-01,30377300
2012-10-01,28022100
2014-05-01,23151900
2016-09-01,1694600
2014-04-01,70956300
2015-12-01,37164300
2017-08-01,31496700
2014-03-01,889200
2018-04-01,58322500
2017-08-01,10117500
2013-01-01,77327300
2017-01-01,10879900
2017-10-01,7702200
2013-04-01,9231400
2012-10-01,13094600
2014-09-01,22746000
2017-04-01,19511700
2015-07-01,72671000
2016-06-01,45831900
2015-12-01,37456500
2018-03-01,40900500
2012-11-01,0
2017-03-01,41448700
2013-03-01,35587400
2015-03-01,17912600
2013-01-01,17039300
2015-09-01,53913400
2014-10-01,8616300
2016-09-01,728800
2015-12-01,47036800
2012-03-01,38011800
2013-12-01,18729100
2014-10-01,7716600
2015-10-01,81161500
2018-05-01,3627500
2017-10-01,29000100
2015-02-01,50884700
2012-08-01,13645900
2015-11-01,7120800
2017-02-01,572500
2015-09-01,111387500
2015-01-01,4900
2014-11-01,22226600
2013-02-01,36513600
2016-04-01,717000
2016-03-01,45213500
2013-02-01,31799900
2015-08-01,852200
2017-07-01,7380100
2018-03-01,24905300
2017-05-01,47803600
2013-12-01,46583500
2012-07-01,23876600
2012-02-01,0
2017-02-01,51095600
2013-02-01,10123100
2012-12-01,19086900
2018-02-01,26155200
2013-06-01,45764400
2016-02-01,47511000
2016-11-01,66498800
2013-10-01,20097800
2018-04-01,683300
2012-06-01,19426200
2013-05-01,23701400
2017-07-01,10969300
2014-07-01,42463300
2014-06-01,735200
2014-04-01,46039400
2012-04-01,21052800
2018-01-01,1374100
2012-02-01,30581700
2015-07-01,81184900
2017-12-01,69400
2012-09-01,972600
2017-09-01,43214100
2015-10-01,18324800
2018-06-01,64953900
2015-08-01,87141500
2018-02-01,28065200
2017-01-01,48687400
2018-05-01,1391700
2017-02-01,8905400
2014-05-01,20583500
2017-04-01,49053500
2017-09-01,13639000
2017-12-01,29787500
2017-07-01,65749000
2012-07-01,23252600
2016-12-01,60469600
2017-01-01,30407600
2017-02-01,4502700
2013-10-01,63069000
2016-09-01,48978800
2016-07-01,10754200
2013-08-01,101257300
2017-08-01,29461800
2014-06-01,8227700
2018-05-01,19128000
2016-09-01,9085200
2018-09-01,13477200
2012-05-01,48576300
2018-09-01,30135000
2016-03-01,22066500
2018-03-01,19385700
2018-03-01,9500
2014-07-01,56406300
2014-06-01,43158100
2016-06-01,31815900
2012-01-01,21215800
2014-12-01,8344000
2015-08-01,0
2018-08-01,22987100
2013-05-01,25656200
2017-11-01,36403500
2013-12-01,14341200
2016-06-01,23466800
2017-12-01,2903600
2018-08-01,53890700
2015-12-01,3600
2016-08-01,1634000
2015-10-01,57052500
2018-01-01,18516200
2018-05-01,11535800
2017-10-01,2052200
2014-11-01,21415900
2013-12-01,30239700
2015-06-01,14079200
2013-09-01,901000
2012-09-01,24442700
2017-04-01,43669300
2017-08-01,16535400
2012-01-01,13745700
2018-07-01,27028100
2014-12-01,31211600
2014-05-01,26434300
2018-02-01,34432900
2018-09-01,14817100
2016-01-01,44231900
2013-08-01,23325200
2013-03-01,59234400
2016-02-01,60946100
2015-06-01,51272300
2012-05-01,29960800
2013-08-01,11845700
2018-07-01,10463300
2017-12-01,31296300
2013-04-01,1021700
2013-10-01,17091400
2015-05-01,49695400
2018-02-01,16316900
2013-06-01,1220500
2018-09-01,6953100
2015-02-01,605700
2017-07-01,31547400
2014-12-01,41898900
2012-06-01,28284700
2016-05-01,34050300
2018-05-01,65465500
2016-10-01,27131400
2012-07-01,67716600
2015-03-01,19510100
2018-01-01,16359100
2018-07-01,83211800
2014-01-01,21972100
2016-09-01,76283600
